Ali-Ahmed-1-ali-11
Mostafa-Ahmed-2-mostafa-22
Hani-Ahmed-3-hani-33
Mohamed-Ahmed-4-mohamed-44
Ashraf-Ahmed-5-ashraf-55
Samy-Ahmed-6-samy-66
Morad-Ahmed-7-morad-77
Sayed-Ahmed-8-sayed-88
Hussien-Ahmed-9-hussien-99
yaser-yousef-10-yaser1969-00
